,Title,Artist,Year
0,Move Ya Body,Nina Sky Featuring Jabba,2004
1,We Can't Stop,Miley Cyrus,2013
2,21 Questions,50 Cent Featuring Nate Dogg,2003
3,I Need A Girl (Part Two),"P. Diddy & Ginuwine Featuring Loon, Mario Winans & Tammy Ruggeri",2002
4,Super Bass,Nicki Minaj,2011
5,A Bay Bay,Hurricane Chris,2007
6,You Sang To Me,Marc Anthony,2000
7,Titanium,David Guetta Featuring Sia,2012
8,See You Again,Wiz Khalifa Featuring Charlie Puth,2015
9,One Dance,Drake Featuring WizKid & Kyla,2016
10,Unfaithful,Rihanna,2006
11,Lean On,Major Lazer & DJ Snake Featuring MO,2015
12,Beautiful Girls,Sean Kingston,2007
13,Hips Don't Lie,Shakira Featuring Wyclef Jean,2006
14,Bust It Baby Part 2,Plies Featuring Ne-Yo,2008
15,Break Your Heart,Taio Cruz Featuring Ludacris,2010
16,Attention,Charlie Puth,2017
17,Bad Blood,Taylor Swift Featuring Kendrick Lamar,2015
18,Lighters,Bad Meets Evil Featuring Bruno Mars,2011
19,Give Me Everything,"Pitbull Featuring Ne-Yo, Afrojack & Nayer",2011
20,There You Go,P!nk,2000
21,"Jumpin', Jumpin'",Destiny's Child,2000
22,Makes Me Wonder,Maroon 5,2007
23,Lights,Ellie Goulding,2012
24,The Reason,Hoobastank,2004
25,OMG,Usher Featuring will.i.am,2010
26,Sunshine,Lil' Flip Featuring Lea,2004
27,Make Me Better,Fabolous Featuring Ne-Yo,2007
28,Don't Mind,Kent Jones,2016
29,Hit 'Em Up Style (Oops!),Blu Cantrell,2001
30,Without Me,Eminem,2002
31,Confessions Part II,Usher,2004
32,Viva La Vida,Coldplay,2008
33,A Thousand Miles,Vanessa Carlton,2002
34,Tonight Tonight,Hot Chelle Rae,2011
35,Work From Home,Fifth Harmony Featuring Ty Dolla $ign,2016
36,Stay With Me,Sam Smith,2014
37,Bleeding Love,Leona Lewis,2008
38,Don't Cha,The Pussycat Dolls Featuring Busta Rhymes,2005
39,Fancy,Iggy Azalea Featuring Charli XCX,2014
40,Magic Stick,Lil' Kim Featuring 50 Cent,2003
41,Stay,Zedd & Alessia Cara,2017
42,Slow Motion,Juvenile Featuring Soulja Slim,2004
43,Incomplete,Sisqo,2000
44,Psycho,Post Malone Featuring Ty Dolla $ign,2018
45,I Gotta Feeling,The Black Eyed Peas,2009
46,What Makes You Beautiful,One Direction,2012
47,Inside Your Heaven,Carrie Underwood,2005
48,Closer,Ne-Yo,2008
49,Better Now,Post Malone,2018
50,Try Again,Aaliyah,2000
51,Over My Head (Cable Car),The Fray,2006
52,Holy Grail,Jay Z Featuring Justin Timberlake,2013
53,Lollipop,Lil Wayne Featuring Static Major,2008
54,We Are Young,fun. Featuring Janelle Monae,2012
55,Ridin',Chamillionaire Featuring Krayzie Bone,2006
56,Don't Let Me Down,The Chainsmokers Featuring Daya,2016
57,Am I Wrong,Nico & Vinz,2014
58,Believer,Imagine Dragons,2017
59,Wild Ones,Flo Rida Featuring Sia,2012
60,Alejandro,Lady Gaga,2010
61,Oh,Ciara Featuring Ludacris,2005
62,Pocketful Of Sunshine,Natasha Bedingfield,2008
63,Hey Mama,"David Guetta Featuring Nicki Minaj, Bebe Rexha & Afrojack",2015
64,Just A Lil Bit,50 Cent,2005
65,Mask Off,Future,2017
66,Boo'd Up,Ella Mai,2018
67,Panda,Desiigner,2016
68,Hot In Herre,Nelly,2002
69,Just A Friend 2002,Mario,2002
70,Shut Up And Dance,WALK THE MOON,2015
71,Payphone,Maroon 5 Featuring Wiz Khalifa,2012
72,Fallin',Alicia Keys,2001
73,Rehab,Amy Winehouse,2007
74,Rude,MAGIC!,2014
75,Ain't No Other Man,Christina Aguilera,2006
76,Dangerous,Kardinal Offishall Featuring Akon,2008
77,Summer Love,Justin Timberlake,2007
78,Billionaire,Travie McCoy Featuring Bruno Mars,2010
79,Somebody That I Used To Know,Gotye Featuring Kimbra,2012
80,I Like It,Enrique Iglesias Featuring Pitbull,2010
81,This Is What You Came For,Calvin Harris Featuring Rihanna,2016
82,Needed Me,Rihanna,2016
83,Maps,Maroon 5,2014
84,Call Me Maybe,Carly Rae Jepsen,2012
85,Lose Control,Missy Elliott Featuring Ciara & Fat Man Scoop,2005
86,Radioactive,Imagine Dragons,2013
87,Take A Bow,Rihanna,2008
88,Cruise,Florida Georgia Line Featuring Nelly,2013
89,Freek-A-Leek,Petey Pablo,2004
90,DJ Got Us Fallin' In Love,Usher Featuring Pitbull,2010
91,Good Life,OneRepublic,2011
92,Lean Back,Terror Squad,2004
93,I Kissed A Girl,Katy Perry,2008
94,Cooler Than Me,Mike Posner,2010
95,Ridin' Solo,Jason Derulo,2010
96,Airplanes,B.o.B Featuring Hayley Williams,2010
97,LoveGame,Lady Gaga,2009
98,Crazy,Gnarls Barkley,2006
99,We Belong Together,Mariah Carey,2005
100,Latch,Disclosure Featuring Sam Smith,2014
101,Mirrors,Justin Timberlake,2013
102,Happy,Pharrell Williams,2014
103,Humble.,Kendrick Lamar,2017
104,On Fire,Lloyd Banks,2004
105,Let Me Hold You,Bow Wow Featuring Omarion,2005
106,Where Have You Been,Rihanna,2012
107,Buy U A Drank (Shawty Snappin'),T-Pain Featuring Yung Joc,2007
108,I Don't Wanna Know,Mario Winans Featuring Enya & P. Diddy,2004
109,Forever,Chris Brown,2008
110,The Real Slim Shady,Eminem,2000
111,Fight Song,Rachel Platten,2015
112,Ride,twenty one pilots,2016
113,Get Lucky,Daft Punk Featuring Pharrell Williams,2013
114,Grind With Me,Pretty Ricky,2005
115,Addictive,Truth Hurts Featuring Rakim,2002
116,Party Like A Rockstar,Shop Boyz,2007
117,God's Plan,Drake,2018
118,Wiggle,Jason Derulo Featuring Snoop Dogg,2014
119,The Middle,"Zedd, Maren Morris & Grey",2018
120,Last Friday Night (T.G.I.F.),Katy Perry,2011
121,London Bridge,Fergie,2006
122,Wide Awake,Katy Perry,2012
123,In My Feelings,Drake,2018
124,Something Just Like This,The Chainsmokers & Coldplay,2017
125,Peaches & Cream,112,2001
126,Overnight Celebrity,Twista,2004
127,Can't Hold Us,Macklemore & Ryan Lewis Featuring Ray Dalton,2013
128,Send My Love (To Your New Lover),Adele,2016
129,Ride Wit Me,Nelly Featuring City Spud,2001
130,Scream,Usher,2012
131,Goodies,Ciara Featuring Petey Pablo,2004
132,How To Love,Lil Wayne,2011
133,Good Girls Go Bad,Cobra Starship Featuring Leighton Meester,2009
134,I Know You Want Me (Calle Ocho),Pitbull,2009
135,Cold Water,Major Lazer Featuring Justin Bieber & MO,2016
136,Body Like A Back Road,Sam Hunt,2017
137,Hanging By A Moment,Lifehouse,2001
138,Wild Thoughts,DJ Khaled Featuring Rihanna & Bryson Tiller,2017
139,Use Somebody,Kings Of Leon,2009
140,I'm The One,"DJ Khaled Featuring Justin Bieber, Quavo, Chance The Rapper & Lil Wayne",2017
141,Knock You Down,Keri Hilson Featuring Kanye West & Ne-Yo,2009
142,Come & Get It,Selena Gomez,2013
143,Earned It (Fifty Shades Of Grey),The Weeknd,2015
144,Bent,matchbox twenty,2000
145,Crazy In Love,Beyonce Featuring Jay Z,2003
146,The Middle,Jimmy Eat World,2002
147,Unforgettable,French Montana Featuring Swae Lee,2017
148,Best I Ever Had,Drake,2009
149,Switch,Will Smith,2005
150,Sad!,XXXTENTACION,2018
151,My Baby,Lil' Romeo,2001
152,I Wanna Go,Britney Spears,2011
153,Watch Me,Silento,2015
154,Oh Boy,Cam'Ron Featuring Juelz Santana,2002
155,I Like It,"Cardi B, Bad Bunny & J Balvin",2018
156,I'm Real,Jennifer Lopez Featuring Ja Rule,2001
157,Bootylicious,Destiny's Child,2001
158,Problem,Ariana Grande Featuring Iggy Azalea,2014
159,Behind These Hazel Eyes,Kelly Clarkson,2005
160,Bang Bang,"Jessie J, Ariana Grande & Nicki Minaj",2014
161,My Way,Fetty Wap Featuring Monty,2015
162,I Turn To You,Christina Aguilera,2000
163,I Need A Girl (Part One),P. Diddy Featuring Usher & Loon,2002
164,Unwell,matchbox twenty,2003
165,Drops Of Jupiter (Tell Me),Train,2001
166,Be With You,Enrique Iglesias,2000
167,I Know What You Want,Busta Rhymes & Mariah Carey Featuring The Flipmode Squad,2003
168,Yeah!,Usher Featuring Lil Jon & Ludacris,2004
169,Absolutely (Story Of A Girl),Nine Days,2000
170,This Love,Maroon 5,2004
171,Snap Yo Fingers,Lil Jon Featuring E-40 & Sean Paul Of The YoungBloodZ,2006
172,Don't Phunk With My Heart,The Black Eyed Peas,2005
173,Higher,Creed,2000
174,Dip It Low,Christina Milian,2004
175,Your Love Is My Drug,Ke$ha,2010
176,Not Afraid,Eminem,2010
177,Nice For What,Drake,2018
178,Girls Like You,Maroon 5 Featuring Cardi B,2018
179,Trap Queen,Fetty Wap,2015
180,The Edge Of Glory,Lady Gaga,2011
181,Everything You Want,Vertical Horizon,2000
182,Let Me Blow Ya Mind,Eve Featuring Gwen Stefani,2001
183,All Of Me,John Legend,2014
184,Chandelier,Sia,2014
185,Cups (Pitch Perfect's When I'm Gone),Anna Kendrick,2013
186,Complicated,Avril Lavigne,2002
187,I Wanna Know,Joe,2000
188,Lucid Dreams,Juice WRLD,2018
189,Cheerleader,OMI,2015
190,Hero,Chad Kroeger Featuring Josey Scott,2002
191,Teenage Dream,Katy Perry,2010
192,Want To Want Me,Jason Derulo,2015
193,Listen To Your Heart,D.H.T.,2005
194,Where Is The Love?,The Black Eyed Peas,2003
195,That's What I Like,Bruno Mars,2017
196,Summer,Calvin Harris,2014
197,Where The Party At,Jagged Edge With Nelly,2001
198,A Milli,Lil Wayne,2008
199,Umbrella,Rihanna Featuring Jay-Z,2007
200,California Gurls,Katy Perry Featuring Snoop Dogg,2010
201,Rolling In The Deep,Adele,2011
202,Get Ur Freak On,"Missy ""Misdemeanor"" Elliott",2001
203,Turn Down For What,DJ Snake & Lil Jon,2014
204,"Never Leave You - Uh Ooh, Uh Oooh!",Lumidee,2003
205,Girlfriend,Avril Lavigne,2007
206,Can't Feel My Face,The Weeknd,2015
207,There's Nothing Holdin' Me Back,Shawn Mendes,2017
208,It's Gonna Be Me,'N Sync,2000
209,Hey There Delilah,Plain White T's,2007
210,Into You,Fabolous Featuring Tamia Or Ashanti,2003
211,I'm Gonna Be Alright,Jennifer Lopez Featuring Nas,2002
212,E.T.,Katy Perry Featuring Kanye West,2011
213,Disturbia,Rihanna,2008
214,P.I.M.P.,50 Cent,2003
215,Moves Like Jagger,Maroon 5 Featuring Christina Aguilera,2011
216,Dynamite,Taio Cruz,2010
217,Doesn't Really Matter,Janet,2000
218,Big Girls Don't Cry,Fergie,2007
219,In Those Jeans,Ginuwine,2003
220,Burn,Usher,2004
221,This Is The Night,Clay Aiken,2003
222,Fiesta,R. Kelly Featuring Jay-Z,2001
223,Breathe,Faith Hill,2000
224,Pon de Replay,Rihanna,2005
225,FEFE,6ix9ine Featuring Nicki Minaj & Murda Beatz,2018
226,Uptown Funk!,Mark Ronson Featuring Bruno Mars,2015
227,If I Ain't Got You,Alicia Keys,2004
228,It's Goin' Down,Yung Joc,2006
229,I Took A Pill In Ibiza,Mike Posner,2016
230,Birthday Sex,Jeremih,2009
231,Get Busy,Sean Paul,2003
232,Lady Marmalade,"Christina Aguilera, Lil' Kim, Mya & P!nk",2001
233,Rock Wit U (Awww Baby),Ashanti,2003
234,Turn Me On,Kevin Lyttle Featuring Spragga Benz,2004
235,Boom Boom Pow,The Black Eyed Peas,2009
236,U Remind Me,Usher,2001
237,Blow Me (One Last Kiss),P!nk,2012
238,Down,Jay Sean Featuring Lil Wayne,2009
239,No Tears Left To Cry,Ariana Grande,2018
240,Can't Stop The Feeling!,Justin Timberlake,2016
241,Hollaback Girl,Gwen Stefani,2005
242,Boyfriend,Justin Bieber,2012
243,Me & U,Cassie,2006
244,All Or Nothing,O-Town,2001
245,Party Rock Anthem,LMFAO Featuring Lauren Bennett & GoonRock,2011
246,Despacito,Luis Fonsi & Daddy Yankee Featuring Justin Bieber,2017
247,Congratulations,Post Malone Featuring Quavo,2017
248,You Belong With Me,Taylor Swift,2009
249,All About That Bass,Meghan Trainor,2014
250,Fire Burning,Sean Kingston,2009
251,Starships,Nicki Minaj,2012
252,Taste,Tyga Featuring Offset,2018
253,The Way I Are,Timbaland Featuring Keri Hilson,2007
254,Down 4 U,"Irv Gotti Presents The Inc. Featuring Ja Rule, Ashanti, Charli Baltimore & Vita",2002
255,XO TOUR Llif3,Lil Uzi Vert,2017
256,Bartender,T-Pain Featuring Akon,2007
257,Cheap Thrills,Sia Featuring Sean Paul,2016
258,Shape Of You,Ed Sheeran,2017
259,Blurred Lines,Robin Thicke Featuring T.I. + Pharrell,2013
260,You And Me,Lifehouse,2005
261,Right Thurr,Chingy,2003
262,Dilemma,Nelly Featuring Kelly Rowland,2002
263,Love The Way You Lie,Eminem Featuring Rihanna,2010
264,Bring Me To Life,Evanescence Featuring Paul McCoy,2003
265,Whistle,Flo Rida,2012
266,Treasure,Bruno Mars,2013
267,The Lazy Song,Bruno Mars,2011
268,Just Give Me A Reason,P!nk Featuring Nate Ruess,2013
269,Foolish,Ashanti,2002
270,Find Your Love,Drake,2010
271,Buttons,The Pussycat Dolls Featuring Snoop Dogg,2006
272,Get Low,Lil Jon & The East Side Boyz Featuring Ying Yang Twins,2003
273,Promiscuous,Nelly Furtado Featuring Timbaland,2006
